ACC,
ADANIENT,
ADANIGREEN,
ADANIPORTS,
ATGL,
AMBUJACEM,
APOLLOHOSP,
ASIANPAINT,
DMART,
AXISBANK,
BAJAJ-A,
BAJFINANCE,
BAJAJHLDNG,
BANDHANBNK,
BANKBARODA,
BERGEPAINT,
BEL,
BPCL,
BHARTIARTL,
BIOCON,
BOSCHLTD,
BRITANNIA,
CHOLAFIN,
CIPLA,
COALINDIA,
COLPAL,
DLF,
DABUR,
DIVISLAB,
DRREDDY,
EICHERMOT,
NYKAA,
GAIL,
GLAND,
GODREJCP,
GRASIM,
HCLTECH,
HDFCAMC,
HDFCBANK,
HDFCLIFE,
HAVELLS,
HEROMOTOCO,
HINDALCO,
HAL,
HINDUNILVR,
HDFC,
ICICIBANK,
ICICIGI,
ICICIPRULI,
ITC,
IOC,
IRCTC,
INDUSTOWER,
INDUSINDBK,
NAUKRI,
INFY,
INDIGO,
JSWSTEEL,
KOTAKBANK,
LTIM,
LT,
LICI,
M&M,
MARICO,
MARUTI,
MPHASIS,
MUTHOOTFIN,
NTPC,
NESTLEIND,
ONGC,
PAYTM,
PIIND,
PIDILITIND,
POWERGRID,
PGHH,
RELIANCE,
SBICARD,
SBILIFE,
SRF,
MOTHERSON,
SHREECEM,
SBIN,
SUNPHARMA,
TCS,
TATAMOTORS,
TATAPOWER,
TATASTEEL,
TECHM,
TITAN,
TORNTPHARM,
UPL,
ULTRACEMCO,
MCDOWELL-N,
VEDL,
WIPRO,
